Component,File,Element,Label,Event,Handler,Inferred API
MobileAbout,pages\mobile\MobileAbout.jsx,Element,"Unknown","onClick","Inline Function",""
MobileAbout,pages\mobile\MobileAbout.jsx,Element,"Unknown","onClick","Inline Function",""
MobileAddWord,pages\mobile\MobileAddWord.jsx,Element,"Unknown","onClick","Inline Function","Nav: /m/words"
MobileAddWord,pages\mobile\MobileAddWord.jsx,Element,"Unknown","onClick","handleSubmit","POST: vocab/ | PUT: vocab/${id}/ | Nav: /m/words"
MobileAddWord,pages\mobile\MobileAddWord.jsx,Element,"Unknown","onChange","Inline Function",""
MobileAddWord,pages\mobile\MobileAddWord.jsx,Element,"Unknown","onChange","Inline Function",""
MobileAddWord,pages\mobile\MobileAddWord.jsx,Element,"Unknown","onClick","handleAITranslate","POST: ai/chat/"
MobileAddWord,pages\mobile\MobileAddWord.jsx,Element,"Unknown","onChange","Inline Function",""
MobileAddWord,pages\mobile\MobileAddWord.jsx,Element,"Unknown","onChange","Inline Function",""
MobileAddWord,pages\mobile\MobileAddWord.jsx,Element,"Unknown","onClick","Inline Function",""
MobileAddWord,pages\mobile\MobileAddWord.jsx,Element,"Unknown","onChange","Inline Function",""
MobileAddWord,pages\mobile\MobileAddWord.jsx,Element,"Unknown","onChange","Inline Function",""
MobileAddWord,pages\mobile\MobileAddWord.jsx,Element,"Unknown","onChange","Inline Function",""
MobileAddWord,pages\mobile\MobileAddWord.jsx,Element,"Unknown","onChange","Inline Function",""
MobileAddWord,pages\mobile\MobileAddWord.jsx,Element,"Unknown","onChange","Inline Function",""
MobileAddWord,pages\mobile\MobileAddWord.jsx,Element,"Unknown","onClick","handleAddTag",""
MobileAddWord,pages\mobile\MobileAddWord.jsx,Element,"Unknown","onClick","Inline Function",""
MobileAddWord,pages\mobile\MobileAddWord.jsx,Element,"Unknown","onClick","Inline Function",""
MobileAddWord,pages\mobile\MobileAddWord.jsx,Element,"Unknown","onClick","Inline Function",""
MobileAIGateway,pages\mobile\MobileAIGateway.jsx,Element,"{error}","onClick","loadData","GET: /ai-gateway/dashboard/"
MobileAIGateway,pages\mobile\MobileAIGateway.jsx,Button,"Unknown","onClick","Inline Function",""
MobileAIGateway,pages\mobile\MobileAIGateway.jsx,Element,"AI Gateway","onClick","loadData","GET: /ai-gateway/dashboard/"
MobileAIGateway,pages\mobile\MobileAIGateway.jsx,Element,"Unknown","onClick","Inline Function",""
MobileAIGateway,pages\mobile\MobileAIGateway.jsx,Element,"Unknown","onClick","Inline Function",""
MobileAIGateway,pages\mobile\MobileAIGateway.jsx,Element,"Unknown","onSubmit","addKey","POST: /ai-gateway/keys/"
MobileAIGateway,pages\mobile\MobileAIGateway.jsx,Element,"Unknown","onChange","Inline Function",""
MobileAIGateway,pages\mobile\MobileAIGateway.jsx,Element,"Unknown","onChange","Inline Function",""
MobileAIGateway,pages\mobile\MobileAIGateway.jsx,Element,"Unknown","onChange","Inline Function",""
MobileAIGateway,pages\mobile\MobileAIGateway.jsx,Button,"Unknown","onClick","Inline Function",""
MobileAIGateway,pages\mobile\MobileAIGateway.jsx,Element,"Unknown","onClick","Inline Function",""
MobileAIGateway,pages\mobile\MobileAIGateway.jsx,Element,"Unknown","onClick","Inline Function",""
MobileAIGenerator,pages\mobile\MobileAIGenerator.jsx,Element,"Unknown","onClick","onClick","Ref (Unknown Body)"
MobileAIGenerator,pages\mobile\MobileAIGenerator.jsx,Element,"Unknown","onClick","Inline Function","Nav: /m"
MobileAIGenerator,pages\mobile\MobileAIGenerator.jsx,Element,"Unknown","onClick","Inline Function","Nav: /m/ai/library"
MobileAIGenerator,pages\mobile\MobileAIGenerator.jsx,Element,"Unknown","onClick","Inline Function",""
MobileAPISettings,pages\mobile\MobileAPISettings.jsx,Element,"Unknown","onClick","Inline Function",""
MobileAPISettings,pages\mobile\MobileAPISettings.jsx,Element,"Unknown","onClick","handleSave","POST: update_profile/"
MobileAPISettings,pages\mobile\MobileAPISettings.jsx,Element,"Unknown","onClick","Inline Function","Nav: /m/ai-gateway"
MobileAPISettings,pages\mobile\MobileAPISettings.jsx,Element,"Unknown","onChange","Inline Function",""
MobileAPISettings,pages\mobile\MobileAPISettings.jsx,Element,"Unknown","onClick","Inline Function",""
MobileArticleViewer,pages\mobile\MobileArticleViewer.jsx,Element,"{error}","onClick","Inline Function","Nav: /m/ai/library"
MobileArticleViewer,pages\mobile\MobileArticleViewer.jsx,Element,"Unknown","onClick","Inline Function","Nav: /m/ai/library"
MobileContentLibrary,pages\mobile\MobileContentLibrary.jsx,Element,"Unknown","onClick","onClick","Ref (Unknown Body)"
MobileContentLibrary,pages\mobile\MobileContentLibrary.jsx,Element,"{item.content_type}","onClick","Inline Function",""
MobileContentLibrary,pages\mobile\MobileContentLibrary.jsx,Element,"Tap to read","onClick","Inline Function",""
MobileContentLibrary,pages\mobile\MobileContentLibrary.jsx,Element,"Library","onClick","Inline Function","Nav: /m/ai"
MobileContentLibrary,pages\mobile\MobileContentLibrary.jsx,Element,"Unknown","onClick","Inline Function",""
MobileContentLibrary,pages\mobile\MobileContentLibrary.jsx,Element,"Unknown","onClick","Inline Function",""
MobileContentLibrary,pages\mobile\MobileContentLibrary.jsx,Element,"Start creating amazing AI-generated content!","onClick","Inline Function","Nav: /m/ai"
MobileDialogueViewer,pages\mobile\MobileDialogueViewer.jsx,Element,"{error}","onClick","Inline Function","Nav: /m/ai/library"
MobileDialogueViewer,pages\mobile\MobileDialogueViewer.jsx,Element,"Unknown","onClick","Inline Function","Nav: /m/ai/library"
MobileEditProfile,pages\mobile\MobileEditProfile.jsx,Element,"Unknown","onClick","Inline Function",""
MobileEditProfile,pages\mobile\MobileEditProfile.jsx,Element,"Unknown","onClick","handleSave","PUT: users/me/"
MobileEditProfile,pages\mobile\MobileEditProfile.jsx,Element,"Unknown","onClick","handleAvatarClick",""
MobileEditProfile,pages\mobile\MobileEditProfile.jsx,Element,"Unknown","onChange","handleAvatarChange",""
MobileEditProfile,pages\mobile\MobileEditProfile.jsx,Element,"Unknown","onChange","Inline Function",""
MobileEditProfile,pages\mobile\MobileEditProfile.jsx,Element,"Unknown","onChange","Inline Function",""
MobileExam,pages\mobile\MobileExam.jsx,Element,"Unknown","onClick","Inline Function","Nav: /m/practice"
MobileExam,pages\mobile\MobileExam.jsx,Element,"Unknown","onClick","Inline Function",""
MobileExam,pages\mobile\MobileExam.jsx,Element,"Unknown","onClick","Inline Function","Nav: /m/exam/play"
MobileExam,pages\mobile\MobileExam.jsx,Element,"Unknown","onClick","Inline Function","Nav: /m/exam/create"
MobileExam,pages\mobile\MobileExam.jsx,Element,"Unknown","onClick","Inline Function",""
MobileExam,pages\mobile\MobileExam.jsx,Element,"Unknown","onClick","Inline Function",""
MobileExam,pages\mobile\MobileExam.jsx,Element,"Unknown","onClick","Inline Function",""
MobileExam,pages\mobile\MobileExam.jsx,Element,"Unknown","onClick","Inline Function",""
MobileExam,pages\mobile\MobileExam.jsx,Element,"Unknown","onClick","Inline Function",""
MobileExamCreate,pages\mobile\MobileExamCreate.jsx,Element,"Unknown","onClick","Inline Function","Nav: /m/exam"
MobileExamCreate,pages\mobile\MobileExamCreate.jsx,Element,"Unknown","onClick","Inline Function","Nav: /m"
MobileExamCreate,pages\mobile\MobileExamCreate.jsx,Element,"Unknown","onClick","Inline Function","Nav: /m/exam"
MobileExamCreate,pages\mobile\MobileExamCreate.jsx,Element,"Unknown","onChange","Inline Function",""
MobileExamCreate,pages\mobile\MobileExamCreate.jsx,Element,"Unknown","onClick","Inline Function",""
MobileExamCreate,pages\mobile\MobileExamCreate.jsx,Element,"Unknown","onClick","Inline Function",""
MobileExamCreate,pages\mobile\MobileExamCreate.jsx,Element,"Unknown","onClick","Inline Function",""
MobileExamCreate,pages\mobile\MobileExamCreate.jsx,Element,"Unknown","onChange","Inline Function",""
MobileExamCreate,pages\mobile\MobileExamCreate.jsx,Element,"Unknown","onChange","Inline Function",""
MobileExamCreate,pages\mobile\MobileExamCreate.jsx,Element,"Unknown","onChange","Inline Function",""
MobileExamCreate,pages\mobile\MobileExamCreate.jsx,Element,"Unknown","onClick","handleGenerate","POST: ai/generate-exam/ | Nav: /m/exam/play"
MobileExamPlay,pages\mobile\MobileExamPlay.jsx,Element,"Unknown","onClick","Inline Function","Nav: /m/exam"
MobileExamPlay,pages\mobile\MobileExamPlay.jsx,Element,"Unknown","onClick","handleSubmitExam","POST: exams/"
MobileExamPlay,pages\mobile\MobileExamPlay.jsx,Element,"Unknown","onClick","handleRetake",""
MobileExamPlay,pages\mobile\MobileExamPlay.jsx,Element,"Unknown","onClick","handleNewExam","Nav: /m/exam/create"
MobileExamPlay,pages\mobile\MobileExamPlay.jsx,Element,"Unknown","onClick","handleCloseResults",""
MobileExamPlay,pages\mobile\MobileExamPlay.jsx,Element,"Unknown","onClick","Inline Function",""
MobileExamPlay,pages\mobile\MobileExamPlay.jsx,Element,"Unknown","onClick","handleCloseResults",""
MobileExamPlay,pages\mobile\MobileExamPlay.jsx,Element,"Unknown","onClick","handleCloseResults",""
MobileExamPlay,pages\mobile\MobileExamPlay.jsx,Element,"Unknown","onClick","handleRetake",""
MobileExamPlay,pages\mobile\MobileExamPlay.jsx,Element,"Unknown","onClick","handleNewExam","Nav: /m/exam/create"
MobileFlashcard,pages\mobile\MobileFlashcard.jsx,Element,"Add some vocabulary to start practicing.","onClick","Inline Function","Nav: /m/words/add"
MobileFlashcard,pages\mobile\MobileFlashcard.jsx,Element,"Unknown","onClick","Inline Function","Nav: /m"
MobileFlashcard,pages\mobile\MobileFlashcard.jsx,Element,"Unknown","onClick","Inline Function",""
MobileFlashcard,pages\mobile\MobileFlashcard.jsx,Element,"Unknown","onClick","Inline Function","Nav: /m"
MobileFlashcard,pages\mobile\MobileFlashcard.jsx,Element,"Unknown","onClick","Inline Function",""
MobileFlashcard,pages\mobile\MobileFlashcard.jsx,Element,"Unknown","onClick","Inline Function",""
MobileFlashcard,pages\mobile\MobileFlashcard.jsx,Element,"Unknown","onClick","Inline Function",""
MobileFlashcard,pages\mobile\MobileFlashcard.jsx,Element,"Unknown","onClick","Inline Function",""
MobileFlashcard,pages\mobile\MobileFlashcard.jsx,Element,"Unknown","onClick","Inline Function",""
MobileFlashcard,pages\mobile\MobileFlashcard.jsx,Element,"Unknown","onClick","Inline Function",""
MobileGames,pages\mobile\MobileGames.jsx,Element,"Unknown","onClick","Inline Function","Nav: /m/practice"
MobileGames,pages\mobile\MobileGames.jsx,Element,"Unknown","onClick","Inline Function",""
MobileGenArticle,pages\mobile\MobileGenArticle.jsx,Element,"{t('topic')}","onChange","Inline Function",""
MobileGenArticle,pages\mobile\MobileGenArticle.jsx,Element,"Unknown","onClick","Inline Function",""
MobileGenArticle,pages\mobile\MobileGenArticle.jsx,Element,"Unknown","onClick","Inline Function",""
MobileGenArticle,pages\mobile\MobileGenArticle.jsx,Element,"Unknown","onClick","Inline Function",""
MobileGenArticle,pages\mobile\MobileGenArticle.jsx,Element,"Unknown","onClick","Inline Function",""
MobileGenArticle,pages\mobile\MobileGenArticle.jsx,Element,"Unknown","onChange","Inline Function",""
MobileGenDialogue,pages\mobile\MobileGenDialogue.jsx,Element,"Unknown","onClick","Inline Function",""
MobileGenDialogue,pages\mobile\MobileGenDialogue.jsx,Element,"Unknown","onChange","Inline Function",""
MobileGenDialogue,pages\mobile\MobileGenDialogue.jsx,Element,"Unknown","onClick","Inline Function",""
MobileGenDialogue,pages\mobile\MobileGenDialogue.jsx,Button,"{speaker.personality || 'Default personality'}","onClick","Inline Function",""
MobileGenDialogue,pages\mobile\MobileGenDialogue.jsx,Element,"Unknown","onChange","Inline Function",""
MobileGenDialogue,pages\mobile\MobileGenDialogue.jsx,Element,"Unknown","onChange","Inline Function",""
MobileGenDialogue,pages\mobile\MobileGenDialogue.jsx,Element,"Unknown","onClick","Inline Function",""
MobileGenDialogue,pages\mobile\MobileGenDialogue.jsx,Element,"Unknown","onClick","handleAddSpeaker",""
MobileGenDialogue,pages\mobile\MobileGenDialogue.jsx,Element,"Unknown","onClick","Inline Function",""
MobileGenDialogue,pages\mobile\MobileGenDialogue.jsx,Element,"Unknown","onClick","Inline Function",""
MobileGenDialogue,pages\mobile\MobileGenDialogue.jsx,Element,"Unknown","onChange","Inline Function",""
MobileGenStory,pages\mobile\MobileGenStory.jsx,Element,"Unknown","onClick","Inline Function",""
MobileGenStory,pages\mobile\MobileGenStory.jsx,Element,"Unknown","onClick","Inline Function",""
MobileGenStory,pages\mobile\MobileGenStory.jsx,Element,"Unknown","onChange","Inline Function",""
MobileGenStory,pages\mobile\MobileGenStory.jsx,Button,"{char.role} {char.traits && `â€¢ ${char.traits}`}","onClick","Inline Function",""
MobileGenStory,pages\mobile\MobileGenStory.jsx,Element,"Unknown","onChange","Inline Function",""
MobileGenStory,pages\mobile\MobileGenStory.jsx,Element,"Unknown","onChange","Inline Function",""
MobileGenStory,pages\mobile\MobileGenStory.jsx,Element,"Unknown","onChange","Inline Function",""
MobileGenStory,pages\mobile\MobileGenStory.jsx,Element,"Unknown","onClick","Inline Function",""
MobileGenStory,pages\mobile\MobileGenStory.jsx,Element,"Unknown","onClick","handleAddCharacter",""
MobileGenStory,pages\mobile\MobileGenStory.jsx,Element,"Unknown","onClick","Inline Function",""
MobileGenStory,pages\mobile\MobileGenStory.jsx,Element,"Unknown","onClick","Inline Function",""
MobileGenStory,pages\mobile\MobileGenStory.jsx,Element,"Unknown","onChange","Inline Function",""
MobileGenStory,pages\mobile\MobileGenStory.jsx,Element,"Unknown","onClick","Inline Function",""
MobileGrammar,pages\mobile\MobileGrammar.jsx,Element,"Unknown","onClick","Inline Function","Nav: /m/practice"
MobileGrammar,pages\mobile\MobileGrammar.jsx,Element,"{t('grammar')}","onClick","Inline Function","Nav: /m/grammar/generate"
MobileGrammar,pages\mobile\MobileGrammar.jsx,Element,"Unknown","onChange","Inline Function",""
MobileGrammar,pages\mobile\MobileGrammar.jsx,Element,"Unknown","onClick","Inline Function",""
MobileGrammar,pages\mobile\MobileGrammar.jsx,Element,"Unknown","onClick","Inline Function","Nav: /m/grammar/generate"
MobileGrammar,pages\mobile\MobileGrammar.jsx,Element,"Unknown","onClick","Inline Function",""
MobileGrammar,pages\mobile\MobileGrammar.jsx,Element,"Unknown","onClick","Inline Function",""
MobileGrammar,pages\mobile\MobileGrammar.jsx,Element,"Unknown","onClick","Inline Function","Nav: /m/grammar/generate"
MobileGrammarGenerate,pages\mobile\MobileGrammarGenerate.jsx,Element,"Unknown","onChange","Inline Function",""
MobileGrammarGenerate,pages\mobile\MobileGrammarGenerate.jsx,Element,"Unknown","onClick","Inline Function",""
MobileGrammarGenerate,pages\mobile\MobileGrammarGenerate.jsx,Element,"Category","onChange","Inline Function",""
MobileGrammarGenerate,pages\mobile\MobileGrammarGenerate.jsx,Element,"Unknown","onChange","Inline Function",""
MobileGrammarGenerate,pages\mobile\MobileGrammarGenerate.jsx,Element,"Unknown","onClick","handleGenerate","POST: grammar/generate/"
MobileGrammarGenerate,pages\mobile\MobileGrammarGenerate.jsx,Element,"Unknown","onChange","Inline Function",""
MobileGrammarGenerate,pages\mobile\MobileGrammarGenerate.jsx,Element,"Unknown","onChange","Inline Function",""
MobileGrammarGenerate,pages\mobile\MobileGrammarGenerate.jsx,Element,"Unknown","onClick","Inline Function",""
MobileGrammarGenerate,pages\mobile\MobileGrammarGenerate.jsx,Element,"Unknown","onClick","handleSave","POST: grammar/ | PUT: grammar/${editTopic.id}/ | Nav: /m/grammar"
MobileGrammarReader,pages\mobile\MobileGrammarReader.jsx,Element,"Unknown","onClick","Inline Function","Nav: /m/grammar"
MobileGrammarReader,pages\mobile\MobileGrammarReader.jsx,Element,"Unknown","onClick","Inline Function",""
MobileGrammarReader,pages\mobile\MobileGrammarReader.jsx,Element,"Unknown","onClick","Inline Function",""
MobileGrammarReader,pages\mobile\MobileGrammarReader.jsx,Element,"Unknown","onClick","Inline Function",""
MobileGrammarReader,pages\mobile\MobileGrammarReader.jsx,Element,"Unknown","onClick","handleEdit","Nav: /m/grammar/generate"
MobileGrammarReader,pages\mobile\MobileGrammarReader.jsx,Element,"","onClick","handleDelete","DELETE: grammar/${id}/ | Nav: /m/grammar"
MobileGrammarReader,pages\mobile\MobileGrammarReader.jsx,Element,"Unknown","onClick","Inline Function",""
MobileGrammarReader,pages\mobile\MobileGrammarReader.jsx,Element,"Unknown","onClick","Inline Function",""
MobileGrammarReader,pages\mobile\MobileGrammarReader.jsx,Element,"Unknown","onClick","Inline Function",""
MobileHelp,pages\mobile\MobileHelp.jsx,Element,"Unknown","onClick","Inline Function",""
MobileHelp,pages\mobile\MobileHelp.jsx,Element,"Unknown","onClick","item.action","Ref (Unknown Body)"
MobileHome,pages\mobile\MobileHome.jsx,Element,"Unknown","onClick","Inline Function","Nav: /m/notifications"
MobileHome,pages\mobile\MobileHome.jsx,Element,"Unknown","onClick","Inline Function","Nav: /m/me"
MobileHome,pages\mobile\MobileHome.jsx,Element,"Unknown","onClick","Inline Function","Nav: /m/practice/flashcard?hlr=true"
MobileHome,pages\mobile\MobileHome.jsx,Element,"Unknown","onClick","Inline Function","Nav: /m/podcast-studio"
MobileHome,pages\mobile\MobileHome.jsx,Element,"Unknown","onClick","item.action","Ref (Unknown Body)"
MobileLanguageSettings,pages\mobile\MobileLanguageSettings.jsx,Element,"Unknown","onClick","onClose","Ref (Unknown Body)"
MobileLanguageSettings,pages\mobile\MobileLanguageSettings.jsx,Element,"Unknown","onClick","Inline Function",""
MobileLanguageSettings,pages\mobile\MobileLanguageSettings.jsx,Element,"Unknown","onClick","Inline Function",""
MobileLanguageSettings,pages\mobile\MobileLanguageSettings.jsx,Element,"Unknown","onClick","handleSave",""
MobileLanguageSettings,pages\mobile\MobileLanguageSettings.jsx,Element,"Unknown","onClick","Inline Function",""
MobileLanguageSettings,pages\mobile\MobileLanguageSettings.jsx,Element,"Unknown","onClick","Inline Function",""
MobileMemoryMatch,pages\mobile\MobileMemoryMatch.jsx,Element,"Unknown","onClick","Inline Function","Nav: /m/games"
MobileMemoryMatch,pages\mobile\MobileMemoryMatch.jsx,Element,"Unknown","onClick","initializeGame","GET: games/matching/"
MobileMemoryMatch,pages\mobile\MobileMemoryMatch.jsx,Element,"Unknown","onClick","Inline Function","Nav: /m/games"
MobileMemoryMatch,pages\mobile\MobileMemoryMatch.jsx,Element,"Unknown","onClick","initializeGame","GET: games/matching/"
MobileMemoryMatch,pages\mobile\MobileMemoryMatch.jsx,Element,"Unknown","onClick","Inline Function",""
MobileNotifications,pages\mobile\MobileNotifications.jsx,Element,"Unknown","onClick","Inline Function",""
MobileNotifications,pages\mobile\MobileNotifications.jsx,Element,"Notifications","onClick","markAllRead","POST: /notifications/list/"
MobileNotifications,pages\mobile\MobileNotifications.jsx,Element,"Unknown","onClick","Inline Function",""
MobileNotificationSettings,pages\mobile\MobileNotificationSettings.jsx,Element,"Unknown","onClick","Inline Function","Nav: /m/me"
MobileNotificationSettings,pages\mobile\MobileNotificationSettings.jsx,Element,"Unknown","onClick","handleEnable",""
MobilePodcastStudio,pages\mobile\MobilePodcastStudio.jsx,Button,"Unknown","onClick","Inline Function",""
MobilePodcastStudio,pages\mobile\MobilePodcastStudio.jsx,Element,"Unknown","onClick","Inline Function",""
MobilePodcastStudio,pages\mobile\MobilePodcastStudio.jsx,Element,"Unknown","onClick","Inline Function",""
MobilePodcastStudio,pages\mobile\MobilePodcastStudio.jsx,Element,"Unknown","onClick","Inline Function",""
MobilePodcastStudio,pages\mobile\MobilePodcastStudio.jsx,Element,"Unknown","onClick","handleDeleteCategory","DELETE: podcasts/categories/${selectedCategory.id}/"
MobilePodcastStudio,pages\mobile\MobilePodcastStudio.jsx,Element,"Unknown","onClick","Inline Function",""
MobilePodcastStudio,pages\mobile\MobilePodcastStudio.jsx,Element,"Unknown","onClick","Inline Function",""
MobilePodcastStudio,pages\mobile\MobilePodcastStudio.jsx,Element,":","onClick","Inline Function",""
MobilePodcastStudio,pages\mobile\MobilePodcastStudio.jsx,Element,"Unknown","onChange","Inline Function",""
MobilePodcastStudio,pages\mobile\MobilePodcastStudio.jsx,Element,"Unknown","onChange","Inline Function",""
MobilePodcastStudio,pages\mobile\MobilePodcastStudio.jsx,Element,"Unknown","onChange","Inline Function",""
MobilePodcastStudio,pages\mobile\MobilePodcastStudio.jsx,Element,"Unknown","onClick","Inline Function",""
MobilePodcastStudio,pages\mobile\MobilePodcastStudio.jsx,Element,"Unknown","onClick","handleGenerate","POST: podcasts/generate/ | GET: podcasts/${podcastId}/"
MobilePodcastStudio,pages\mobile\MobilePodcastStudio.jsx,Button,"setShowCreateModal(false)} className='flex-1 py-3 ","onClick","Inline Function",""
MobilePodcastStudio,pages\mobile\MobilePodcastStudio.jsx,Element,"Unknown","onClick","Inline Function",""
MobilePodcastStudio,pages\mobile\MobilePodcastStudio.jsx,Element,"Unknown","onClick","Inline Function",""
MobilePodcastStudio,pages\mobile\MobilePodcastStudio.jsx,Element,"Unknown","onClick","Inline Function",""
MobilePodcastStudio,pages\mobile\MobilePodcastStudio.jsx,Element,"Unknown","onClick","handleSeek",""
MobilePodcastStudio,pages\mobile\MobilePodcastStudio.jsx,Element,"Unknown","onClick","Inline Function",""
MobilePodcastStudio,pages\mobile\MobilePodcastStudio.jsx,Element,"Unknown","onClick","togglePlay",""
MobilePodcastStudio,pages\mobile\MobilePodcastStudio.jsx,Element,"Unknown","onClick","Inline Function",""
MobilePractice,pages\mobile\MobilePractice.jsx,Element,"Unknown","onClick","mode.action","Ref (Unknown Body)"
MobilePractice,pages\mobile\MobilePractice.jsx,Element,"Unknown","onClick","tool.action","Ref (Unknown Body)"
MobileProfile,pages\mobile\MobileProfile.jsx,Element,"Unknown","onClick","Inline Function","Nav: /m/me/edit"
MobileProfile,pages\mobile\MobileProfile.jsx,Element,"Unknown","onClick","Inline Function",""
MobileProfile,pages\mobile\MobileProfile.jsx,Element,"Unknown","onClick","Inline Function",""
MobileProfile,pages\mobile\MobileProfile.jsx,Element,"Unknown","onClick","handleLogout","POST: logout/ | Nav: /login"
MobileReader,pages\mobile\MobileReader.jsx,Element,"Unknown","onClick","handleAIFormat","POST: convert-text/"
MobileReader,pages\mobile\MobileReader.jsx,Element,"Unknown","onClick","handleExtractWords","POST: analyze-text/"
MobileReader,pages\mobile\MobileReader.jsx,Element,"Unknown","onClick","speakContent",""
MobileReader,pages\mobile\MobileReader.jsx,Element,"Unknown","onClick","saveToLibrary",""
MobileReader,pages\mobile\MobileReader.jsx,Element,"Unknown","onClick","Inline Function",""
MobileReader,pages\mobile\MobileReader.jsx,Element,"Unknown","onClick","Inline Function",""
MobileReader,pages\mobile\MobileReader.jsx,Element,"Unknown","onClick","Inline Function",""
MobileReader,pages\mobile\MobileReader.jsx,Element,"Unknown","onClick","Inline Function",""
MobileReader,pages\mobile\MobileReader.jsx,Element,"Unknown","onClick","Inline Function",""
MobileReader,pages\mobile\MobileReader.jsx,Element,"Unknown","onClick","Inline Function",""
MobileReader,pages\mobile\MobileReader.jsx,Element,"Unknown","onClick","Inline Function",""
MobileReader,pages\mobile\MobileReader.jsx,Element,"Unknown","onClick","Inline Function",""
MobileReader,pages\mobile\MobileReader.jsx,Element,"Unknown","onClick","Inline Function",""
MobileReader,pages\mobile\MobileReader.jsx,Element,"Unknown","onClick","Inline Function",""
MobileReader,pages\mobile\MobileReader.jsx,Element,"Unknown","onChange","Inline Function",""
MobileReader,pages\mobile\MobileReader.jsx,Element,"Unknown","onClick","handleExtractUrl","POST: extract-content/"
MobileReader,pages\mobile\MobileReader.jsx,Element,"Unknown","onClick","Inline Function",""
MobileReader,pages\mobile\MobileReader.jsx,Element,"Unknown","onChange","Inline Function",""
MobileReader,pages\mobile\MobileReader.jsx,Element,"Unknown","onClick","Inline Function",""
MobileReader,pages\mobile\MobileReader.jsx,Element,"Unknown","onChange","Inline Function",""
MobileReader,pages\mobile\MobileReader.jsx,Element,"Unknown","onClick","handleExtractYoutube","POST: extract-youtube/"
MobileReader,pages\mobile\MobileReader.jsx,Element,"Unknown","onClick","Inline Function",""
MobileReader,pages\mobile\MobileReader.jsx,Element,"Unknown","onChange","handleFileUpload","POST: extract-text/"
MobileReader,pages\mobile\MobileReader.jsx,Element,"Unknown","onClick","Inline Function",""
MobileReader,pages\mobile\MobileReader.jsx,Element,"Unknown","onClick","Inline Function",""
MobileReader,pages\mobile\MobileReader.jsx,Element,"of {extractedWords.length}","onClick","toggleSelectAll",""
MobileReader,pages\mobile\MobileReader.jsx,Element,"Unknown","onClick","Inline Function",""
MobileReader,pages\mobile\MobileReader.jsx,Element,"Unknown","onClick","Inline Function",""
MobileReader,pages\mobile\MobileReader.jsx,Element,"Unknown","onClick","Inline Function",""
MobileReader,pages\mobile\MobileReader.jsx,Element,"Unknown","onClick","Inline Function",""
MobileSecuritySettings,pages\mobile\MobileSecuritySettings.jsx,Element,"Unknown","onChange","Inline Function",""
MobileSecuritySettings,pages\mobile\MobileSecuritySettings.jsx,Element,"Unknown","onClick","onToggle","Ref (Unknown Body)"
MobileSecuritySettings,pages\mobile\MobileSecuritySettings.jsx,Element,"Unknown","onClick","Inline Function",""
MobileSecuritySettings,pages\mobile\MobileSecuritySettings.jsx,Element,"Unknown","onChange","Inline Function",""
MobileSecuritySettings,pages\mobile\MobileSecuritySettings.jsx,Element,"Unknown","onChange","Inline Function",""
MobileSecuritySettings,pages\mobile\MobileSecuritySettings.jsx,Element,"Unknown","onChange","Inline Function",""
MobileSecuritySettings,pages\mobile\MobileSecuritySettings.jsx,Element,"Unknown","onClick","handleSave","POST: auth/change-password/"
MobileStoryViewer,pages\mobile\MobileStoryViewer.jsx,Element,"{error}","onClick","Inline Function","Nav: /m/ai/library"
MobileStoryViewer,pages\mobile\MobileStoryViewer.jsx,Element,"Unknown","onClick","Inline Function","Nav: /m/ai/library"
MobileTimeChallenge,pages\mobile\MobileTimeChallenge.jsx,Element,"{score}/{words.length}","onClick","Inline Function","Nav: /m/games"
MobileTimeChallenge,pages\mobile\MobileTimeChallenge.jsx,Button,"Unknown","onClick","Inline Function","Nav: /m/games"
MobileTimeChallenge,pages\mobile\MobileTimeChallenge.jsx,Element,"Unknown","onClick","Inline Function",""
MobileTimeChallenge,pages\mobile\MobileTimeChallenge.jsx,Element,"{currentWord.translation}","onClick","Inline Function",""
MobileTimeChallenge,pages\mobile\MobileTimeChallenge.jsx,Element,"Unknown","onClick","Inline Function",""
MobileWordBuilder,pages\mobile\MobileWordBuilder.jsx,Element,"Unknown","onClick","Inline Function","Nav: /m/games"
MobileWordBuilder,pages\mobile\MobileWordBuilder.jsx,Element,"Unknown","onClick","Inline Function","Nav: /m/games"
MobileWordBuilder,pages\mobile\MobileWordBuilder.jsx,Element,"Unknown","onClick","restartGame",""
MobileWordBuilder,pages\mobile\MobileWordBuilder.jsx,Element,"Unknown","onClick","Inline Function","Nav: /m/games"
MobileWordBuilder,pages\mobile\MobileWordBuilder.jsx,Element,"Unknown","onClick","restartGame",""
MobileWordBuilder,pages\mobile\MobileWordBuilder.jsx,Element,"Unknown","onClick","handleHint",""
MobileWordBuilder,pages\mobile\MobileWordBuilder.jsx,Element,"Unknown","onClick","handleNext",""
MobileWordBuilder,pages\mobile\MobileWordBuilder.jsx,Element,"Unknown","onClick","handleSubmit",""
MobileWordBuilder,pages\mobile\MobileWordBuilder.jsx,Element,"Unknown","onClick","Inline Function",""
MobileWordBuilder,pages\mobile\MobileWordBuilder.jsx,Element,"Unknown","onClick","handleBackspace",""
MobileWords,pages\mobile\MobileWords.jsx,Element,"Unknown","onChange","Inline Function",""
MobileWords,pages\mobile\MobileWords.jsx,Element,"Unknown","onClick","Inline Function",""
MobileWords,pages\mobile\MobileWords.jsx,Element,"Unknown","onClick","Inline Function","Nav: /m/words/add"
MobileWords,pages\mobile\MobileWords.jsx,Element,"Unknown","onClick","Inline Function",""
MobileWords,pages\mobile\MobileWords.jsx,Element,"Unknown","onClick","Inline Function",""
MobileWords,pages\mobile\MobileWords.jsx,Element,"Unknown","onClick","Inline Function","Nav: /m/words/add"
MobileAIWizardLayout,components\mobile\MobileAIWizardLayout.jsx,Element,"Unknown","onClick","handleBack",""
MobileAIWizardLayout,components\mobile\MobileAIWizardLayout.jsx,Element,"Unknown","onClick","onNext","Ref (Unknown Body)"
MobileArticleDisplay,components\mobile\MobileArticleDisplay.jsx,Element,"Unknown","onClick","Inline Function",""
MobileArticleDisplay,components\mobile\MobileArticleDisplay.jsx,Element,"Unknown","onClick","Inline Function",""
MobileArticleDisplay,components\mobile\MobileArticleDisplay.jsx,Element,"{fontSize}","onClick","Inline Function",""
MobileArticleDisplay,components\mobile\MobileArticleDisplay.jsx,Element,"Unknown","onClick","Inline Function",""
MobileArticleDisplay,components\mobile\MobileArticleDisplay.jsx,Element,"Unknown","onClick","Inline Function",""
MobileArticleDisplay,components\mobile\MobileArticleDisplay.jsx,Element,"Unknown","onClick","Inline Function",""
MobileArticleDisplay,components\mobile\MobileArticleDisplay.jsx,Element,"Unknown","onClick","Inline Function",""
MobileDialogueDisplay,components\mobile\MobileDialogueDisplay.jsx,Element,"Unknown","onClick","Inline Function",""
MobileDialogueDisplay,components\mobile\MobileDialogueDisplay.jsx,Element,"Unknown","onClick","handleChatTap",""
MobileExamQuestions,components\mobile\MobileExamQuestions.jsx,Element,"Unknown","onChange","Inline Function",""
MobileExamQuestions,components\mobile\MobileExamQuestions.jsx,Element,"Unknown","onClick","Inline Function",""
MobileExamQuestions,components\mobile\MobileExamQuestions.jsx,Element,"Unknown","onChange","Inline Function",""
MobileExamQuestions,components\mobile\MobileExamQuestions.jsx,Element,"Unknown","onClick","Inline Function",""
MobileFloatingExamTimer,components\mobile\MobileFloatingExamTimer.jsx,Element,"Unknown","onClick","handleReturn","Nav: /m/exam/play"
MobileFloatingExamTimer,components\mobile\MobileFloatingExamTimer.jsx,Element,"Unknown","onClick","handleReturn","Nav: /m/exam/play"
MobileFloatingExamTimer,components\mobile\MobileFloatingExamTimer.jsx,Element,"Unknown","onClick","handleClose",""
MobileMarkdownRenderer,components\mobile\MobileMarkdownRenderer.jsx,Element,"{match[1]}","onClick","handleCopy",""
MobileNav,components\mobile\MobileNav.jsx,Element,"Unknown","onClick","Inline Function",""
MobileReaderPractice,components\mobile\MobileReaderPractice.jsx,Element,"{error}","onClick","onBack","Ref (Unknown Body)"
MobileReaderPractice,components\mobile\MobileReaderPractice.jsx,Button,"Go Back","onClick","onBack","Ref (Unknown Body)"
MobileReaderPractice,components\mobile\MobileReaderPractice.jsx,Element,"Unknown","onClick","onBack","Ref (Unknown Body)"
MobileReaderPractice,components\mobile\MobileReaderPractice.jsx,Element,"Unknown","onClick","Inline Function",""
MobileReaderPractice,components\mobile\MobileReaderPractice.jsx,Element,"Unknown","onClick","Inline Function",""
MobileReaderPractice,components\mobile\MobileReaderPractice.jsx,Element,"Unknown","onClick","speakWord",""
MobileReaderPractice,components\mobile\MobileReaderPractice.jsx,Element,"Unknown","onClick","Inline Function",""
MobileReaderPractice,components\mobile\MobileReaderPractice.jsx,Element,"Unknown","onChange","Inline Function",""
MobileReaderPractice,components\mobile\MobileReaderPractice.jsx,Element,"Unknown","onClick","checkAnswer",""
MobileReaderPractice,components\mobile\MobileReaderPractice.jsx,Element,"Unknown","onClick","handleSaveWord","POST: vocab/"
MobileReaderPractice,components\mobile\MobileReaderPractice.jsx,Element,"Unknown","onClick","handleNext",""
MobileStoryDisplay,components\mobile\MobileStoryDisplay.jsx,Element,"Unknown","onClick","Inline Function",""
MobileStoryDisplay,components\mobile\MobileStoryDisplay.jsx,Element,"Unknown","onClick","Inline Function",""
MobileStoryDisplay,components\mobile\MobileStoryDisplay.jsx,Element,"{fontSize}","onClick","Inline Function",""
MobileStoryDisplay,components\mobile\MobileStoryDisplay.jsx,Element,"Unknown","onClick","Inline Function",""
MobileStoryDisplay,components\mobile\MobileStoryDisplay.jsx,Element,"Unknown","onClick","Inline Function",""
MobileStoryDisplay,components\mobile\MobileStoryDisplay.jsx,Element,"Unknown","onClick","Inline Function",""
MobileStoryDisplay,components\mobile\MobileStoryDisplay.jsx,Element,"Unknown","onClick","Inline Function",""
